Name	Mass	XPOS	YPOS	XVEL	YVEL
TRAPPIST-1	1.796e+29	0.00e+00	0.00e+00	0.00e+00	0.00e+00
TRAPPIST-1b	8.2058e+24	-3.83e+08	-1.68e+09	-8.11e+04	1.84e+04
TRAPPIST-1c	7.81164e+24	-3.89e+08	2.33e+09	7.01e+04	1.17e+04
TRAPPIST-1d	2.31721e+24	1.24e+09	-3.09e+09	-5.56e+04	-2.22e+04
TRAPPIST-1e	4.13276e+24	4.37e+09	3.12e+08	3.72e+03	-5.21e+04
TRAPPIST-1f	6.20512e+24	-1.10e+09	5.65e+09	4.46e+04	8.68e+03
TRAPPIST-1g	7.88928e+24	6.95e+09	8.65e+08	5.07e+03	-4.08e+04
TRAPPIST-1h	1.94694e+24	9.19e+09	1.13e+09	4.34e+03	-3.54e+04
